/* ============ */
INSERT INTO FALCULTY VALUES ('TFAL1', 'TKhoa TFAL1', 'TName TFAL1');
INSERT INTO FALCULTY VALUES ('TFAL2', 'TKhoa TFAL2', 'TName TFAL2');
INSERT INTO FALCULTY VALUES ('TFAL3', 'TKhoa TFAL3', 'TName TFAL3');
INSERT INTO FALCULTY VALUES ('TFAL4', 'TKhoa TFAL4', 'TNAME TFAL4');
INSERT INTO FALCULTY VALUES ('TFAL5', 'TKhoa TFAL5', 'TNAME TFAL5');
INSERT INTO FALCULTY VALUES ('TFAL6', 'TKhoa TFAL6', 'TNAME TFAL6');
INSERT INTO FALCULTY VALUES ('TFAL7', 'TKhoa TFAL7', 'TNAME TFAL7');
INSERT INTO FALCULTY VALUES ('TFAL8', 'TKhoa TFAL8', 'TNAME TFAL8');
INSERT INTO FALCULTY VALUES ('TFAL9', 'TKhoa TFAL9', 'TNAME TFAL9');
INSERT INTO FALCULTY VALUES ('TFAL10', 'TKhoa TFAL10', 'TNAME TFAL10');
INSERT INTO FALCULTY VALUES ('TFAL11', 'TKhoa TFAL11', 'TNAME TFAL11');
/* ============ */
INSERT INTO MAJOR VALUES ('TMAJOR1', 'TFAL1', 'TName TMAJOR1');
INSERT INTO MAJOR VALUES ('TMAJOR2', 'TFAL1', 'TName TMAJOR1');
INSERT INTO MAJOR VALUES ('TMAJOR3', 'TFAL2', 'TName TMAJOR2');
INSERT INTO MAJOR VALUES ('TMAJOR4', 'TFAL2', 'TName TMAJOR4');
INSERT INTO MAJOR VALUES ('TMAJOR5', 'TFAL3', 'TName TMAJOR5');
INSERT INTO MAJOR VALUES ('TMAJOR6', 'TFAL4', 'TName TMAJOR6');
INSERT INTO MAJOR VALUES ('TMAJOR7', 'TFAL4', 'TName TMAJOR7');
INSERT INTO MAJOR VALUES ('TMAJOR8', 'TFAL5', 'TName TMAJOR8');
INSERT INTO MAJOR VALUES ('TMAJOR9', 'TFAL5', 'TName TMAJOR9');
INSERT INTO MAJOR VALUES ('TMAJOR10', 'TFAL6', 'TName TMAJOR10');
INSERT INTO MAJOR VALUES ('TMAJOR11', 'TFAL6', 'TName TMAJOR11');
INSERT INTO MAJOR VALUES ('TMAJOR12', 'TFAL7', 'TName TMAJOR12');
INSERT INTO MAJOR VALUES ('TMAJOR13', 'TFAL7', 'TName TMAJOR13');
INSERT INTO MAJOR VALUES ('TMAJOR14', 'TFAL8', 'TName TMAJOR14');
INSERT INTO MAJOR VALUES ('TMAJOR15', 'TFAL8', 'TName TMAJOR15');
INSERT INTO MAJOR VALUES ('TMAJOR16', 'TFAL9', 'TName TMAJOR16');
INSERT INTO MAJOR VALUES ('TMAJOR17', 'TFAL9', 'TName TMAJOR17');
INSERT INTO MAJOR VALUES ('TMAJOR18', 'TFAL10', 'TName TMAJOR18');
INSERT INTO MAJOR VALUES ('TMAJOR19', 'TFAL10', 'TName TMAJOR19');
INSERT INTO MAJOR VALUES ('TMAJOR20', 'TFAL11', 'TName TMAJOR20');
/* ============ */
INSERT INTO CLASS VALUES ('TCLASS1', 'TMAJOR1', 'TName TCLASS1', 'THEADTEACHER TCLASS1');
INSERT INTO CLASS VALUES ('TCLASS2', 'TMAJOR2', 'TName TCLASS2', 'THEADTEACHER TCLASS2');
INSERT INTO CLASS VALUES ('TCLASS3', 'TMAJOR2', 'TName TCLASS3', 'THEADTEACHER TCLASS3');
INSERT INTO CLASS VALUES ('TCLASS4', 'TMAJOR3', 'TName TCLASS4', 'THEADTEACHER TCLASS4');
INSERT INTO CLASS VALUES ('TCLASS5', 'TMAJOR3', 'TName TCLASS5', 'THEADTEACHER TCLASS5');
INSERT INTO CLASS VALUES ('TCLASS6', 'TMAJOR4', 'TName TCLASS6', 'THEADTEACHER TCLASS6');
INSERT INTO CLASS VALUES ('TCLASS7', 'TMAJOR4', 'TName TCLASS7', 'THEADTEACHER TCLASS7');
INSERT INTO CLASS VALUES ('TCLASS8', 'TMAJOR4', 'TName TCLASS8', 'THEADTEACHER TCLASS8');
INSERT INTO CLASS VALUES ('TCLASS9', 'TMAJOR5', 'TName TCLASS9', 'THEADTEACHER TCLASS9');
INSERT INTO CLASS VALUES ('TCLASS10', 'TMAJOR6', 'TName TCLASS10', 'THEADTEACHER TCLASS10');
INSERT INTO CLASS VALUES ('TCLASS11', 'TMAJOR7', 'TName TCLASS11', 'THEADTEACHER TCLASS11');
INSERT INTO CLASS VALUES ('TCLASS12', 'TMAJOR8', 'TName TCLASS12', 'THEADTEACHER TCLASS12');
INSERT INTO CLASS VALUES ('TCLASS13', 'TMAJOR9', 'TName TCLASS13', 'THEADTEACHER TCLASS13');
INSERT INTO CLASS VALUES ('TCLASS14', 'TMAJOR10', 'TName TCLASS14', 'THEADTEACHER TCLASS14');
INSERT INTO CLASS VALUES ('TCLASS15', 'TMAJOR11', 'TName TCLASS15', 'THEADTEACHER TCLASS15');
INSERT INTO CLASS VALUES ('TCLASS16', 'TMAJOR12', 'TName TCLASS16', 'THEADTEACHER TCLASS16');
INSERT INTO CLASS VALUES ('TCLASS17', 'TMAJOR13', 'TName TCLASS17', 'THEADTEACHER TCLASS17');
INSERT INTO CLASS VALUES ('TCLASS18', 'TMAJOR14', 'TName TCLASS18', 'THEADTEACHER TCLASS18');
INSERT INTO CLASS VALUES ('TCLASS19', 'TMAJOR15', 'TName TCLASS19', 'THEADTEACHER TCLASS19');
INSERT INTO CLASS VALUES ('TCLASS20', 'TMAJOR16', 'TName TCLASS20', 'THEADTEACHER TCLASS20');
INSERT INTO CLASS VALUES ('TCLASS21', 'TMAJOR17', 'TName TCLASS21', 'THEADTEACHER TCLASS21');
INSERT INTO CLASS VALUES ('TCLASS22', 'TMAJOR18', 'TName TCLASS22', 'THEADTEACHER TCLASS22');
INSERT INTO CLASS VALUES ('TCLASS23', 'TMAJOR19', 'TName TCLASS23', 'THEADTEACHER TCLASS23');
INSERT INTO CLASS VALUES ('TCLASS24', 'TMAJOR20', 'TName TCLASS24', 'THEADTEACHER TCLASS24');
/* ============ */
INSERT INTO COURSE VALUES ('TK1', 'TCOURSE1', '1998-1-1', '2002-1-1');
INSERT INTO COURSE VALUES ('TK2', 'TCOURSE2', '1999-1-1', '2003-1-1');
INSERT INTO COURSE VALUES ('TK3', 'TCOURSE3', '2000-1-1', '2004-1-1');
INSERT INTO COURSE VALUES ('TK4', 'TCOURSE4', '2001-1-1', '2005-1-1');
INSERT INTO COURSE VALUES ('TK5', 'TCOURSE5', '2002-1-1', '2006-1-1');
INSERT INTO COURSE VALUES ('TK6', 'TCOURSE6', '2003-1-1', '2007-1-1');
INSERT INTO COURSE VALUES ('TK7', 'TCOURSE7', '2004-1-1', '2008-1-1');
INSERT INTO COURSE VALUES ('TK8', 'TCOURSE8', '2005-1-1', '2009-1-1');
INSERT INTO COURSE VALUES ('TK9', 'TCOURSE9', '2006-1-1', '2010-1-1');
INSERT INTO COURSE VALUES ('TK10', 'TCOURSE10', '2007-1-1', '2011-1-1');
/* ============ */
INSERT INTO COURSE_HAS_MAJOR VALUES ('TK1', 'TMAJOR1');
INSERT INTO COURSE_HAS_MAJOR VALUES ('TK1', 'TMAJOR2');
INSERT INTO COURSE_HAS_MAJOR VALUES ('TK1', 'TMAJOR3');
INSERT INTO COURSE_HAS_MAJOR VALUES ('TK1', 'TMAJOR4');
INSERT INTO COURSE_HAS_MAJOR VALUES ('TK1', 'TMAJOR5');
INSERT INTO COURSE_HAS_MAJOR VALUES ('TK1', 'TMAJOR6');
INSERT INTO COURSE_HAS_MAJOR VALUES ('TK1', 'TMAJOR7');
INSERT INTO COURSE_HAS_MAJOR VALUES ('TK1', 'TMAJOR8');
INSERT INTO COURSE_HAS_MAJOR VALUES ('TK1', 'TMAJOR9');
INSERT INTO COURSE_HAS_MAJOR VALUES ('TK1', 'TMAJOR10');
INSERT INTO COURSE_HAS_MAJOR VALUES ('TK1', 'TMAJOR11');
INSERT INTO COURSE_HAS_MAJOR VALUES ('TK1', 'TMAJOR12');
INSERT INTO COURSE_HAS_MAJOR VALUES ('TK1', 'TMAJOR13');
INSERT INTO COURSE_HAS_MAJOR VALUES ('TK1', 'TMAJOR14');
INSERT INTO COURSE_HAS_MAJOR VALUES ('TK1', 'TMAJOR15');
INSERT INTO COURSE_HAS_MAJOR VALUES ('TK1', 'TMAJOR16');
INSERT INTO COURSE_HAS_MAJOR VALUES ('TK1', 'TMAJOR17');
INSERT INTO COURSE_HAS_MAJOR VALUES ('TK1', 'TMAJOR18');
INSERT INTO COURSE_HAS_MAJOR VALUES ('TK1', 'TMAJOR19');
INSERT INTO COURSE_HAS_MAJOR VALUES ('TK1', 'TMAJOR20');
INSERT INTO COURSE_HAS_MAJOR VALUES ('TK2', 'TMAJOR1');
INSERT INTO COURSE_HAS_MAJOR VALUES ('TK2', 'TMAJOR2');
INSERT INTO COURSE_HAS_MAJOR VALUES ('TK2', 'TMAJOR3');
INSERT INTO COURSE_HAS_MAJOR VALUES ('TK2', 'TMAJOR4');
INSERT INTO COURSE_HAS_MAJOR VALUES ('TK2', 'TMAJOR5');
INSERT INTO COURSE_HAS_MAJOR VALUES ('TK2', 'TMAJOR6');
INSERT INTO COURSE_HAS_MAJOR VALUES ('TK2', 'TMAJOR7');
INSERT INTO COURSE_HAS_MAJOR VALUES ('TK2', 'TMAJOR8');
INSERT INTO COURSE_HAS_MAJOR VALUES ('TK2', 'TMAJOR9');
INSERT INTO COURSE_HAS_MAJOR VALUES ('TK2', 'TMAJOR10');
INSERT INTO COURSE_HAS_MAJOR VALUES ('TK2', 'TMAJOR11');
INSERT INTO COURSE_HAS_MAJOR VALUES ('TK2', 'TMAJOR12');
INSERT INTO COURSE_HAS_MAJOR VALUES ('TK2', 'TMAJOR13');
INSERT INTO COURSE_HAS_MAJOR VALUES ('TK2', 'TMAJOR14');
INSERT INTO COURSE_HAS_MAJOR VALUES ('TK2', 'TMAJOR15');
INSERT INTO COURSE_HAS_MAJOR VALUES ('TK2', 'TMAJOR16');
INSERT INTO COURSE_HAS_MAJOR VALUES ('TK2', 'TMAJOR17');
INSERT INTO COURSE_HAS_MAJOR VALUES ('TK2', 'TMAJOR18');
INSERT INTO COURSE_HAS_MAJOR VALUES ('TK2', 'TMAJOR19');
INSERT INTO COURSE_HAS_MAJOR VALUES ('TK2', 'TMAJOR20');
INSERT INTO COURSE_HAS_MAJOR VALUES ('TK3', 'TMAJOR1');
INSERT INTO COURSE_HAS_MAJOR VALUES ('TK3', 'TMAJOR2');
INSERT INTO COURSE_HAS_MAJOR VALUES ('TK3', 'TMAJOR3');
INSERT INTO COURSE_HAS_MAJOR VALUES ('TK3', 'TMAJOR4');
INSERT INTO COURSE_HAS_MAJOR VALUES ('TK3', 'TMAJOR5');
INSERT INTO COURSE_HAS_MAJOR VALUES ('TK3', 'TMAJOR6');
INSERT INTO COURSE_HAS_MAJOR VALUES ('TK3', 'TMAJOR7');
INSERT INTO COURSE_HAS_MAJOR VALUES ('TK3', 'TMAJOR8');
INSERT INTO COURSE_HAS_MAJOR VALUES ('TK3', 'TMAJOR9');
INSERT INTO COURSE_HAS_MAJOR VALUES ('TK3', 'TMAJOR10');
INSERT INTO COURSE_HAS_MAJOR VALUES ('TK3', 'TMAJOR11');
INSERT INTO COURSE_HAS_MAJOR VALUES ('TK3', 'TMAJOR12');
INSERT INTO COURSE_HAS_MAJOR VALUES ('TK3', 'TMAJOR13');
INSERT INTO COURSE_HAS_MAJOR VALUES ('TK3', 'TMAJOR14');
INSERT INTO COURSE_HAS_MAJOR VALUES ('TK3', 'TMAJOR15');
INSERT INTO COURSE_HAS_MAJOR VALUES ('TK3', 'TMAJOR16');
INSERT INTO COURSE_HAS_MAJOR VALUES ('TK3', 'TMAJOR17');
INSERT INTO COURSE_HAS_MAJOR VALUES ('TK3', 'TMAJOR18');
INSERT INTO COURSE_HAS_MAJOR VALUES ('TK3', 'TMAJOR19');
INSERT INTO COURSE_HAS_MAJOR VALUES ('TK3', 'TMAJOR20');
INSERT INTO COURSE_HAS_MAJOR VALUES ('TK4', 'TMAJOR1');
INSERT INTO COURSE_HAS_MAJOR VALUES ('TK4', 'TMAJOR2');
INSERT INTO COURSE_HAS_MAJOR VALUES ('TK4', 'TMAJOR3');
INSERT INTO COURSE_HAS_MAJOR VALUES ('TK4', 'TMAJOR4');
INSERT INTO COURSE_HAS_MAJOR VALUES ('TK4', 'TMAJOR5');
INSERT INTO COURSE_HAS_MAJOR VALUES ('TK4', 'TMAJOR6');
INSERT INTO COURSE_HAS_MAJOR VALUES ('TK4', 'TMAJOR7');
INSERT INTO COURSE_HAS_MAJOR VALUES ('TK4', 'TMAJOR8');
INSERT INTO COURSE_HAS_MAJOR VALUES ('TK4', 'TMAJOR9');
INSERT INTO COURSE_HAS_MAJOR VALUES ('TK4', 'TMAJOR10');
INSERT INTO COURSE_HAS_MAJOR VALUES ('TK4', 'TMAJOR11');
INSERT INTO COURSE_HAS_MAJOR VALUES ('TK4', 'TMAJOR12');
INSERT INTO COURSE_HAS_MAJOR VALUES ('TK4', 'TMAJOR13');
INSERT INTO COURSE_HAS_MAJOR VALUES ('TK4', 'TMAJOR14');
INSERT INTO COURSE_HAS_MAJOR VALUES ('TK4', 'TMAJOR15');
INSERT INTO COURSE_HAS_MAJOR VALUES ('TK4', 'TMAJOR16');
INSERT INTO COURSE_HAS_MAJOR VALUES ('TK4', 'TMAJOR17');
INSERT INTO COURSE_HAS_MAJOR VALUES ('TK4', 'TMAJOR18');
INSERT INTO COURSE_HAS_MAJOR VALUES ('TK4', 'TMAJOR19');
INSERT INTO COURSE_HAS_MAJOR VALUES ('TK4', 'TMAJOR20');
INSERT INTO COURSE_HAS_MAJOR VALUES ('TK5', 'TMAJOR1');
INSERT INTO COURSE_HAS_MAJOR VALUES ('TK5', 'TMAJOR2');
INSERT INTO COURSE_HAS_MAJOR VALUES ('TK5', 'TMAJOR3');
INSERT INTO COURSE_HAS_MAJOR VALUES ('TK5', 'TMAJOR4');
INSERT INTO COURSE_HAS_MAJOR VALUES ('TK5', 'TMAJOR5');
INSERT INTO COURSE_HAS_MAJOR VALUES ('TK5', 'TMAJOR6');
INSERT INTO COURSE_HAS_MAJOR VALUES ('TK5', 'TMAJOR7');
INSERT INTO COURSE_HAS_MAJOR VALUES ('TK5', 'TMAJOR8');
INSERT INTO COURSE_HAS_MAJOR VALUES ('TK5', 'TMAJOR9');
INSERT INTO COURSE_HAS_MAJOR VALUES ('TK5', 'TMAJOR10');
INSERT INTO COURSE_HAS_MAJOR VALUES ('TK5', 'TMAJOR11');
INSERT INTO COURSE_HAS_MAJOR VALUES ('TK5', 'TMAJOR12');
INSERT INTO COURSE_HAS_MAJOR VALUES ('TK5', 'TMAJOR13');
INSERT INTO COURSE_HAS_MAJOR VALUES ('TK5', 'TMAJOR14');
INSERT INTO COURSE_HAS_MAJOR VALUES ('TK5', 'TMAJOR15');
INSERT INTO COURSE_HAS_MAJOR VALUES ('TK5', 'TMAJOR16');
INSERT INTO COURSE_HAS_MAJOR VALUES ('TK5', 'TMAJOR17');
INSERT INTO COURSE_HAS_MAJOR VALUES ('TK5', 'TMAJOR18');
INSERT INTO COURSE_HAS_MAJOR VALUES ('TK5', 'TMAJOR19');
INSERT INTO COURSE_HAS_MAJOR VALUES ('TK5', 'TMAJOR20');
INSERT INTO COURSE_HAS_MAJOR VALUES ('TK6', 'TMAJOR1');
INSERT INTO COURSE_HAS_MAJOR VALUES ('TK6', 'TMAJOR2');
INSERT INTO COURSE_HAS_MAJOR VALUES ('TK6', 'TMAJOR3');
INSERT INTO COURSE_HAS_MAJOR VALUES ('TK6', 'TMAJOR4');
INSERT INTO COURSE_HAS_MAJOR VALUES ('TK6', 'TMAJOR5');
INSERT INTO COURSE_HAS_MAJOR VALUES ('TK6', 'TMAJOR6');
INSERT INTO COURSE_HAS_MAJOR VALUES ('TK6', 'TMAJOR7');
INSERT INTO COURSE_HAS_MAJOR VALUES ('TK6', 'TMAJOR8');
INSERT INTO COURSE_HAS_MAJOR VALUES ('TK6', 'TMAJOR9');
INSERT INTO COURSE_HAS_MAJOR VALUES ('TK6', 'TMAJOR10');
INSERT INTO COURSE_HAS_MAJOR VALUES ('TK6', 'TMAJOR11');
INSERT INTO COURSE_HAS_MAJOR VALUES ('TK6', 'TMAJOR12');
INSERT INTO COURSE_HAS_MAJOR VALUES ('TK6', 'TMAJOR13');
INSERT INTO COURSE_HAS_MAJOR VALUES ('TK6', 'TMAJOR14');
INSERT INTO COURSE_HAS_MAJOR VALUES ('TK6', 'TMAJOR15');
INSERT INTO COURSE_HAS_MAJOR VALUES ('TK6', 'TMAJOR16');
INSERT INTO COURSE_HAS_MAJOR VALUES ('TK6', 'TMAJOR17');
INSERT INTO COURSE_HAS_MAJOR VALUES ('TK6', 'TMAJOR18');
INSERT INTO COURSE_HAS_MAJOR VALUES ('TK6', 'TMAJOR19');
INSERT INTO COURSE_HAS_MAJOR VALUES ('TK6', 'TMAJOR20');
INSERT INTO COURSE_HAS_MAJOR VALUES ('TK7', 'TMAJOR1');
INSERT INTO COURSE_HAS_MAJOR VALUES ('TK7', 'TMAJOR2');
INSERT INTO COURSE_HAS_MAJOR VALUES ('TK7', 'TMAJOR3');
INSERT INTO COURSE_HAS_MAJOR VALUES ('TK7', 'TMAJOR4');
INSERT INTO COURSE_HAS_MAJOR VALUES ('TK7', 'TMAJOR5');
INSERT INTO COURSE_HAS_MAJOR VALUES ('TK7', 'TMAJOR6');
INSERT INTO COURSE_HAS_MAJOR VALUES ('TK7', 'TMAJOR7');
INSERT INTO COURSE_HAS_MAJOR VALUES ('TK7', 'TMAJOR8');
INSERT INTO COURSE_HAS_MAJOR VALUES ('TK7', 'TMAJOR9');
INSERT INTO COURSE_HAS_MAJOR VALUES ('TK7', 'TMAJOR10');
INSERT INTO COURSE_HAS_MAJOR VALUES ('TK7', 'TMAJOR11');
INSERT INTO COURSE_HAS_MAJOR VALUES ('TK7', 'TMAJOR12');
INSERT INTO COURSE_HAS_MAJOR VALUES ('TK7', 'TMAJOR13');
INSERT INTO COURSE_HAS_MAJOR VALUES ('TK7', 'TMAJOR14');
INSERT INTO COURSE_HAS_MAJOR VALUES ('TK7', 'TMAJOR15');
INSERT INTO COURSE_HAS_MAJOR VALUES ('TK7', 'TMAJOR16');
INSERT INTO COURSE_HAS_MAJOR VALUES ('TK7', 'TMAJOR17');
INSERT INTO COURSE_HAS_MAJOR VALUES ('TK7', 'TMAJOR18');
INSERT INTO COURSE_HAS_MAJOR VALUES ('TK7', 'TMAJOR19');
INSERT INTO COURSE_HAS_MAJOR VALUES ('TK7', 'TMAJOR20');
INSERT INTO COURSE_HAS_MAJOR VALUES ('TK8', 'TMAJOR1');
INSERT INTO COURSE_HAS_MAJOR VALUES ('TK8', 'TMAJOR2');
INSERT INTO COURSE_HAS_MAJOR VALUES ('TK8', 'TMAJOR3');
INSERT INTO COURSE_HAS_MAJOR VALUES ('TK8', 'TMAJOR4');
INSERT INTO COURSE_HAS_MAJOR VALUES ('TK8', 'TMAJOR5');
INSERT INTO COURSE_HAS_MAJOR VALUES ('TK8', 'TMAJOR6');
INSERT INTO COURSE_HAS_MAJOR VALUES ('TK8', 'TMAJOR7');
INSERT INTO COURSE_HAS_MAJOR VALUES ('TK8', 'TMAJOR8');
INSERT INTO COURSE_HAS_MAJOR VALUES ('TK8', 'TMAJOR9');
INSERT INTO COURSE_HAS_MAJOR VALUES ('TK8', 'TMAJOR10');
INSERT INTO COURSE_HAS_MAJOR VALUES ('TK8', 'TMAJOR11');
INSERT INTO COURSE_HAS_MAJOR VALUES ('TK8', 'TMAJOR12');
INSERT INTO COURSE_HAS_MAJOR VALUES ('TK8', 'TMAJOR13');
INSERT INTO COURSE_HAS_MAJOR VALUES ('TK8', 'TMAJOR14');
INSERT INTO COURSE_HAS_MAJOR VALUES ('TK8', 'TMAJOR15');
INSERT INTO COURSE_HAS_MAJOR VALUES ('TK8', 'TMAJOR16');
INSERT INTO COURSE_HAS_MAJOR VALUES ('TK8', 'TMAJOR17');
INSERT INTO COURSE_HAS_MAJOR VALUES ('TK8', 'TMAJOR18');
INSERT INTO COURSE_HAS_MAJOR VALUES ('TK8', 'TMAJOR19');
INSERT INTO COURSE_HAS_MAJOR VALUES ('TK8', 'TMAJOR20');
INSERT INTO COURSE_HAS_MAJOR VALUES ('TK9', 'TMAJOR1');
INSERT INTO COURSE_HAS_MAJOR VALUES ('TK9', 'TMAJOR2');
INSERT INTO COURSE_HAS_MAJOR VALUES ('TK9', 'TMAJOR3');
INSERT INTO COURSE_HAS_MAJOR VALUES ('TK9', 'TMAJOR4');
INSERT INTO COURSE_HAS_MAJOR VALUES ('TK9', 'TMAJOR5');
INSERT INTO COURSE_HAS_MAJOR VALUES ('TK9', 'TMAJOR6');
INSERT INTO COURSE_HAS_MAJOR VALUES ('TK9', 'TMAJOR7');
INSERT INTO COURSE_HAS_MAJOR VALUES ('TK9', 'TMAJOR8');
INSERT INTO COURSE_HAS_MAJOR VALUES ('TK9', 'TMAJOR9');
INSERT INTO COURSE_HAS_MAJOR VALUES ('TK9', 'TMAJOR10');
INSERT INTO COURSE_HAS_MAJOR VALUES ('TK9', 'TMAJOR11');
INSERT INTO COURSE_HAS_MAJOR VALUES ('TK9', 'TMAJOR12');
INSERT INTO COURSE_HAS_MAJOR VALUES ('TK9', 'TMAJOR13');
INSERT INTO COURSE_HAS_MAJOR VALUES ('TK9', 'TMAJOR14');
INSERT INTO COURSE_HAS_MAJOR VALUES ('TK9', 'TMAJOR15');
INSERT INTO COURSE_HAS_MAJOR VALUES ('TK9', 'TMAJOR16');
INSERT INTO COURSE_HAS_MAJOR VALUES ('TK9', 'TMAJOR17');
INSERT INTO COURSE_HAS_MAJOR VALUES ('TK9', 'TMAJOR18');
INSERT INTO COURSE_HAS_MAJOR VALUES ('TK9', 'TMAJOR19');
INSERT INTO COURSE_HAS_MAJOR VALUES ('TK9', 'TMAJOR20');
INSERT INTO COURSE_HAS_MAJOR VALUES ('TK10', 'TMAJOR1');
INSERT INTO COURSE_HAS_MAJOR VALUES ('TK10', 'TMAJOR2');
INSERT INTO COURSE_HAS_MAJOR VALUES ('TK10', 'TMAJOR3');
INSERT INTO COURSE_HAS_MAJOR VALUES ('TK10', 'TMAJOR4');
INSERT INTO COURSE_HAS_MAJOR VALUES ('TK10', 'TMAJOR5');
INSERT INTO COURSE_HAS_MAJOR VALUES ('TK10', 'TMAJOR6');
INSERT INTO COURSE_HAS_MAJOR VALUES ('TK10', 'TMAJOR7');
INSERT INTO COURSE_HAS_MAJOR VALUES ('TK10', 'TMAJOR8');
INSERT INTO COURSE_HAS_MAJOR VALUES ('TK10', 'TMAJOR9');
INSERT INTO COURSE_HAS_MAJOR VALUES ('TK10', 'TMAJOR10');
INSERT INTO COURSE_HAS_MAJOR VALUES ('TK10', 'TMAJOR11');
INSERT INTO COURSE_HAS_MAJOR VALUES ('TK10', 'TMAJOR12');
INSERT INTO COURSE_HAS_MAJOR VALUES ('TK10', 'TMAJOR13');
INSERT INTO COURSE_HAS_MAJOR VALUES ('TK10', 'TMAJOR14');
INSERT INTO COURSE_HAS_MAJOR VALUES ('TK10', 'TMAJOR15');
INSERT INTO COURSE_HAS_MAJOR VALUES ('TK10', 'TMAJOR16');
INSERT INTO COURSE_HAS_MAJOR VALUES ('TK10', 'TMAJOR17');
INSERT INTO COURSE_HAS_MAJOR VALUES ('TK10', 'TMAJOR18');
INSERT INTO COURSE_HAS_MAJOR VALUES ('TK10', 'TMAJOR19');
INSERT INTO COURSE_HAS_MAJOR VALUES ('TK10', 'TMAJOR20');
/* ============ */

INSERT INTO STUDENT VALUES ('TSTU1', 'TCLASS1', 'TName TSTUDENTNAME1', 1);
INSERT INTO STUDENT VALUES ('TSTU2', 'TCLASS1', 'TName TSTUDENTNAME2', 0);
INSERT INTO STUDENT VALUES ('TSTU3', 'TCLASS2', 'TName TSTUDENTNAME3', 2);
INSERT INTO STUDENT VALUES ('TSTU4', 'TCLASS3', 'TName TSTUDENTNAME4', 1);
INSERT INTO STUDENT VALUES ('TSTU5', 'TCLASS3', 'TName TSTUDENTNAME5', 0);
INSERT INTO STUDENT VALUES ('TSTU6', 'TCLASS4', 'TName TSTUDENTNAME6', 1);
INSERT INTO STUDENT VALUES ('TSTU7', 'TCLASS4', 'TName TSTUDENTNAME7', 2);
INSERT INTO STUDENT VALUES ('TSTU8', 'TCLASS5', 'TName TSTUDENTNAME8', 0);
INSERT INTO STUDENT VALUES ('TSTU9', 'TCLASS5', 'TName TSTUDENTNAME9', 0);
INSERT INTO STUDENT VALUES ('TSTU10', 'TCLASS6', 'TName TSTUDENTNAME10', 1);
INSERT INTO STUDENT VALUES ('TSTU11', 'TCLASS6', 'TName TSTUDENTNAME11', 1);
INSERT INTO STUDENT VALUES ('TSTU47', 'TCLASS7', 'TName TSTUDENTNAME47', 1);
INSERT INTO STUDENT VALUES ('TSTU12', 'TCLASS7', 'TName TSTUDENTNAME12', 0);
INSERT INTO STUDENT VALUES ('TSTU13', 'TCLASS8', 'TName TSTUDENTNAME13', 0);
INSERT INTO STUDENT VALUES ('TSTU14', 'TCLASS8', 'TName TSTUDENTNAME14', 0);
INSERT INTO STUDENT VALUES ('TSTU15', 'TCLASS9', 'TName TSTUDENTNAME15', 0);
INSERT INTO STUDENT VALUES ('TSTU16', 'TCLASS9', 'TName TSTUDENTNAME16', 2);
INSERT INTO STUDENT VALUES ('TSTU17', 'TCLASS10', 'TName TSTUDENTNAME17', 2);
INSERT INTO STUDENT VALUES ('TSTU18', 'TCLASS10', 'TName TSTUDENTNAME18', 1);
INSERT INTO STUDENT VALUES ('TSTU19', 'TCLASS11', 'TName TSTUDENTNAME19', 1);
INSERT INTO STUDENT VALUES ('TSTU20', 'TCLASS11', 'TName TSTUDENTNAME20', 1);
INSERT INTO STUDENT VALUES ('TSTU21', 'TCLASS12', 'TName TSTUDENTNAME21', 0);
INSERT INTO STUDENT VALUES ('TSTU22', 'TCLASS12', 'TName TSTUDENTNAME22', 0);
INSERT INTO STUDENT VALUES ('TSTU23', 'TCLASS13', 'TName TSTUDENTNAME23', 0);
INSERT INTO STUDENT VALUES ('TSTU24', 'TCLASS13', 'TName TSTUDENTNAME24', 0);
INSERT INTO STUDENT VALUES ('TSTU25', 'TCLASS14', 'TName TSTUDENTNAME25', 2);
INSERT INTO STUDENT VALUES ('TSTU26', 'TCLASS14', 'TName TSTUDENTNAME26', 2);
INSERT INTO STUDENT VALUES ('TSTU27', 'TCLASS15', 'TName TSTUDENTNAME27', 0);
INSERT INTO STUDENT VALUES ('TSTU28', 'TCLASS15', 'TName TSTUDENTNAME28', 1);
INSERT INTO STUDENT VALUES ('TSTU29', 'TCLASS16', 'TName TSTUDENTNAME29', 0);
INSERT INTO STUDENT VALUES ('TSTU30', 'TCLASS16', 'TName TSTUDENTNAME30', 1);
INSERT INTO STUDENT VALUES ('TSTU31', 'TCLASS17', 'TName TSTUDENTNAME31', 2);
INSERT INTO STUDENT VALUES ('TSTU32', 'TCLASS17', 'TName TSTUDENTNAME32', 2);
INSERT INTO STUDENT VALUES ('TSTU33', 'TCLASS18', 'TName TSTUDENTNAME33', 1);
INSERT INTO STUDENT VALUES ('TSTU34', 'TCLASS18', 'TName TSTUDENTNAME34', 0);
INSERT INTO STUDENT VALUES ('TSTU35', 'TCLASS19', 'TName TSTUDENTNAME35', 0);
INSERT INTO STUDENT VALUES ('TSTU36', 'TCLASS19', 'TName TSTUDENTNAME36', 0);
INSERT INTO STUDENT VALUES ('TSTU37', 'TCLASS20', 'TName TSTUDENTNAME37', 1);
INSERT INTO STUDENT VALUES ('TSTU38', 'TCLASS20', 'TName TSTUDENTNAME38', 1);
INSERT INTO STUDENT VALUES ('TSTU39', 'TCLASS21', 'TName TSTUDENTNAME39', 2);
INSERT INTO STUDENT VALUES ('TSTU40', 'TCLASS21', 'TName TSTUDENTNAME40', 2);
INSERT INTO STUDENT VALUES ('TSTU41', 'TCLASS22', 'TName TSTUDENTNAME41', 0);
INSERT INTO STUDENT VALUES ('TSTU42', 'TCLASS22', 'TName TSTUDENTNAME42', 2);
INSERT INTO STUDENT VALUES ('TSTU43', 'TCLASS23', 'TName TSTUDENTNAME43', 0);
INSERT INTO STUDENT VALUES ('TSTU44', 'TCLASS23', 'TName TSTUDENTNAME44', 0);
INSERT INTO STUDENT VALUES ('TSTU45', 'TCLASS24', 'TName TSTUDENTNAME45', 1);
INSERT INTO STUDENT VALUES ('TSTU46', 'TCLASS24', 'TName TSTUDENTNAME46', 0);
/* ============ */
INSERT INTO STUDENT_DETAIL VALUES ('TSTU1', '1991-01-12', 'Nam', 'TSTUDETAIL TCITY1', 'TSTUDETAIL TADD1', '1111111111');
INSERT INTO STUDENT_DETAIL VALUES ('TSTU2', '1992-02-22', 'Nu', 'TSTUDETAIL TCITY2', 'TSTUDETAIL TADD2', '1111111112');
INSERT INTO STUDENT_DETAIL VALUES ('TSTU3', '1993-03-11', 'Nu', 'TSTUDETAIL TCITY3', 'TSTUDETAIL TADD3', '1111111113');
INSERT INTO STUDENT_DETAIL VALUES ('TSTU4', '1994-04-12', 'Nam', 'TSTUDETAIL TCITY4', 'TSTUDETAIL TADD4', '1111111114');
INSERT INTO STUDENT_DETAIL VALUES ('TSTU5', '1995-05-03', 'Nu', 'TSTUDETAIL TCITY5', 'TSTUDETAIL TADD5', '1111111115');
INSERT INTO STUDENT_DETAIL VALUES ('TSTU6', '1996-06-24', 'Nam', 'TSTUDETAIL TCITY6', 'TSTUDETAIL TADD6', '1111111116');
INSERT INTO STUDENT_DETAIL VALUES ('TSTU7', '1997-07-05', 'Nu', 'TSTUDETAIL TCITY7', 'TSTUDETAIL TADD7', '1111111117');
INSERT INTO STUDENT_DETAIL VALUES ('TSTU8', '1998-08-06', 'Nam', 'TSTUDETAIL TCITY8', 'TSTUDETAIL TADD8', '1111111118');
INSERT INTO STUDENT_DETAIL VALUES ('TSTU9', '1999-08-017', 'Nam', 'TSTUDETAIL TCITY9', 'TSTUDETAIL TADD9', '1111111119');
INSERT INTO STUDENT_DETAIL VALUES ('TSTU10', '1991-01-12', 'Nam', 'TSTUDETAIL TCITY1', 'TSTUDETAIL TADD1', '1111111111');
INSERT INTO STUDENT_DETAIL VALUES ('TSTU11', '1990-02-12', 'Nam', 'TSTUDETAIL TCITY1', 'TSTUDETAIL TADD1', '1111111111');
INSERT INTO STUDENT_DETAIL VALUES ('TSTU12', '1992-02-22', 'Nu', 'TSTUDETAIL TCITY2', 'TSTUDETAIL TADD2', '1111111112');
INSERT INTO STUDENT_DETAIL VALUES ('TSTU13', '1993-03-11', 'Nu', 'TSTUDETAIL TCITY3', 'TSTUDETAIL TADD3', '1111111113');
INSERT INTO STUDENT_DETAIL VALUES ('TSTU14', '1994-04-12', 'Nam', 'TSTUDETAIL TCITY4', 'TSTUDETAIL TADD4', '1111111114');
INSERT INTO STUDENT_DETAIL VALUES ('TSTU15', '1995-05-03', 'Nu', 'TSTUDETAIL TCITY5', 'TSTUDETAIL TADD5', '1111111115');
INSERT INTO STUDENT_DETAIL VALUES ('TSTU16', '1996-06-24', 'Nam', 'TSTUDETAIL TCITY6', 'TSTUDETAIL TADD6', '1111111116');
INSERT INTO STUDENT_DETAIL VALUES ('TSTU17', '1997-07-05', 'Nu', 'TSTUDETAIL TCITY7', 'TSTUDETAIL TADD7', '1111111117');
INSERT INTO STUDENT_DETAIL VALUES ('TSTU18', '1998-08-06', 'Nam', 'TSTUDETAIL TCITY8', 'TSTUDETAIL TADD8', '1111111118');
INSERT INTO STUDENT_DETAIL VALUES ('TSTU19', '1999-08-017', 'Nam', 'TSTUDETAIL TCITY9', 'TSTUDETAIL TADD9', '1111111119');
INSERT INTO STUDENT_DETAIL VALUES ('TSTU20', '1991-01-12', 'Nam', 'TSTUDETAIL TCITY1', 'TSTUDETAIL TADD1', '1111111121');
INSERT INTO STUDENT_DETAIL VALUES ('TSTU21', '1990-03-12', 'Nam', 'TSTUDETAIL TCITY1', 'TSTUDETAIL TADD1', '1111111211');
INSERT INTO STUDENT_DETAIL VALUES ('TSTU22', '1992-02-22', 'Nu', 'TSTUDETAIL TCITY2', 'TSTUDETAIL TADD2', '1111111212');
INSERT INTO STUDENT_DETAIL VALUES ('TSTU23', '1993-03-11', 'Nu', 'TSTUDETAIL TCITY3', 'TSTUDETAIL TADD3', '1111112113');
INSERT INTO STUDENT_DETAIL VALUES ('TSTU24', '1994-04-12', 'Nam', 'TSTUDETAIL TCITY4', 'TSTUDETAIL TADD4', '1111211114');
INSERT INTO STUDENT_DETAIL VALUES ('TSTU25', '1995-05-03', 'Nu', 'TSTUDETAIL TCITY5', 'TSTUDETAIL TADD5', '1111211115');
INSERT INTO STUDENT_DETAIL VALUES ('TSTU26', '1996-06-24', 'Nam', 'TSTUDETAIL TCITY6', 'TSTUDETAIL TADD6', '1121111116');
INSERT INTO STUDENT_DETAIL VALUES ('TSTU27', '1997-07-05', 'Nu', 'TSTUDETAIL TCITY7', 'TSTUDETAIL TADD7', '1121111117');
INSERT INTO STUDENT_DETAIL VALUES ('TSTU28', '1998-08-06', 'Nam', 'TSTUDETAIL TCITY8', 'TSTUDETAIL TADD8', '2111111118');
INSERT INTO STUDENT_DETAIL VALUES ('TSTU29', '1999-08-017', 'Nam', 'TSTUDETAIL TCITY9', 'TSTUDETAIL TADD9', '1111111139');
INSERT INTO STUDENT_DETAIL VALUES ('TSTU30', '1991-01-12', 'Nam', 'TSTUDETAIL TCITY1', 'TSTUDETAIL TADD1', '1111111131');
INSERT INTO STUDENT_DETAIL VALUES ('TSTU31', '1990-04-12', 'Nam', 'TSTUDETAIL TCITY1', 'TSTUDETAIL TADD1', '1111111311');
INSERT INTO STUDENT_DETAIL VALUES ('TSTU32', '1992-02-22', 'Nu', 'TSTUDETAIL TCITY2', 'TSTUDETAIL TADD2', '1111111312');
INSERT INTO STUDENT_DETAIL VALUES ('TSTU33', '1993-03-11', 'Nu', 'TSTUDETAIL TCITY3', 'TSTUDETAIL TADD3', '1111113113');
INSERT INTO STUDENT_DETAIL VALUES ('TSTU34', '1994-04-12', 'Nam', 'TSTUDETAIL TCITY4', 'TSTUDETAIL TADD4', '1111311114');
INSERT INTO STUDENT_DETAIL VALUES ('TSTU35', '1995-05-03', 'Nu', 'TSTUDETAIL TCITY5', 'TSTUDETAIL TADD5', '1111311115');
INSERT INTO STUDENT_DETAIL VALUES ('TSTU36', '1996-06-24', 'Nam', 'TSTUDETAIL TCITY6', 'TSTUDETAIL TADD6', '1131111116');
INSERT INTO STUDENT_DETAIL VALUES ('TSTU37', '1997-07-05', 'Nu', 'TSTUDETAIL TCITY7', 'TSTUDETAIL TADD7', '1131111117');
INSERT INTO STUDENT_DETAIL VALUES ('TSTU38', '1998-08-06', 'Nam', 'TSTUDETAIL TCITY8', 'TSTUDETAIL TADD8', '3111111118');
INSERT INTO STUDENT_DETAIL VALUES ('TSTU39', '1999-08-07', 'Nam', 'TSTUDETAIL TCITY9', 'TSTUDETAIL TADD9', '1111111149');
INSERT INTO STUDENT_DETAIL VALUES ('TSTU40', '1991-01-12', 'Nam', 'TSTUDETAIL TCITY1', 'TSTUDETAIL TADD1', '1111111411');
INSERT INTO STUDENT_DETAIL VALUES ('TSTU41', '1990-07-12', 'Nam', 'TSTUDETAIL TCITY1', 'TSTUDETAIL TADD1', '1111114111');
INSERT INTO STUDENT_DETAIL VALUES ('TSTU42', '1991-09-12', 'Nam', 'TSTUDETAIL TCITY1', 'TSTUDETAIL TADD1', '1111141111');
INSERT INTO STUDENT_DETAIL VALUES ('TSTU43', '1992-02-22', 'Nu', 'TSTUDETAIL TCITY2', 'TSTUDETAIL TADD2', '1111114112');
INSERT INTO STUDENT_DETAIL VALUES ('TSTU44', '1993-03-11', 'Nu', 'TSTUDETAIL TCITY3', 'TSTUDETAIL TADD3', '1111141113');
INSERT INTO STUDENT_DETAIL VALUES ('TSTU45', '1994-04-12', 'Nam', 'TSTUDETAIL TCITY4', 'TSTUDETAIL TADD4', '1114111114');
INSERT INTO STUDENT_DETAIL VALUES ('TSTU46', '1995-05-03', 'Nu', 'TSTUDETAIL TCITY5', 'TSTUDETAIL TADD5', '1114111115');
/* ============ */
INSERT INTO SUBJECT VALUES ('TSUB1', 'TMAJOR1', 'TSubName TSUB1', 3);
INSERT INTO SUBJECT VALUES ('TSUB2', 'TMAJOR1', 'TSubName TSUB2', 1);
INSERT INTO SUBJECT VALUES ('TSUB3', 'TMAJOR1', 'TSubName TSUB3', 2);
INSERT INTO SUBJECT VALUES ('TSUB4', 'TMAJOR2', 'TSubName TSUB4', 4);
INSERT INTO SUBJECT VALUES ('TSUB5', 'TMAJOR2', 'TSubName TSUB5', 3);
INSERT INTO SUBJECT VALUES ('TSUB6', 'TMAJOR2', 'TSubName TSUB6', 4);
INSERT INTO SUBJECT VALUES ('TSUB7', 'TMAJOR3', 'TSubName TSUB7', 1);
INSERT INTO SUBJECT VALUES ('TSUB8', 'TMAJOR3', 'TSubName TSUB8', 2);
INSERT INTO SUBJECT VALUES ('TSUB9', 'TMAJOR3', 'TSubName TSUB9', 2);
INSERT INTO SUBJECT VALUES ('TSUB10', 'TMAJOR4', 'TSubName TSUB10', 3);
INSERT INTO SUBJECT VALUES ('TSUB11', 'TMAJOR4', 'TSubName TSUB11', 3);
INSERT INTO SUBJECT VALUES ('TSUB12', 'TMAJOR4', 'TSubName TSUB12', 1);
INSERT INTO SUBJECT VALUES ('TSUB13', 'TMAJOR5', 'TSubName TSUB13', 2);
INSERT INTO SUBJECT VALUES ('TSUB14', 'TMAJOR5', 'TSubName TSUB14', 4);
INSERT INTO SUBJECT VALUES ('TSUB15', 'TMAJOR5', 'TSubName TSUB15', 3);
INSERT INTO SUBJECT VALUES ('TSUB16', 'TMAJOR6', 'TSubName TSUB16', 4);
INSERT INTO SUBJECT VALUES ('TSUB17', 'TMAJOR6', 'TSubName TSUB17', 1);
INSERT INTO SUBJECT VALUES ('TSUB18', 'TMAJOR6', 'TSubName TSUB18', 2);
INSERT INTO SUBJECT VALUES ('TSUB19', 'TMAJOR7', 'TSubName TSUB19', 2);
INSERT INTO SUBJECT VALUES ('TSUB20', 'TMAJOR7', 'TSubName TSUB20', 3);
INSERT INTO SUBJECT VALUES ('TSUB21', 'TMAJOR7', 'TSubName TSUB21', 3);
INSERT INTO SUBJECT VALUES ('TSUB22', 'TMAJOR8', 'TSubName TSUB22', 1);
INSERT INTO SUBJECT VALUES ('TSUB23', 'TMAJOR8', 'TSubName TSUB23', 2);
INSERT INTO SUBJECT VALUES ('TSUB24', 'TMAJOR8', 'TSubName TSUB24', 4);
INSERT INTO SUBJECT VALUES ('TSUB25', 'TMAJOR9', 'TSubName TSUB25', 3);
INSERT INTO SUBJECT VALUES ('TSUB26', 'TMAJOR9', 'TSubName TSUB26', 4);
INSERT INTO SUBJECT VALUES ('TSUB27', 'TMAJOR10', 'TSubName TSUB27', 1);
INSERT INTO SUBJECT VALUES ('TSUB28', 'TMAJOR10', 'TSubName TSUB28', 2);
INSERT INTO SUBJECT VALUES ('TSUB29', 'TMAJOR11', 'TSubName TSUB29', 2);
INSERT INTO SUBJECT VALUES ('TSUB30', 'TMAJOR11', 'TSubName TSUB30', 3);
INSERT INTO SUBJECT VALUES ('TSUB31', 'TMAJOR12', 'TSubName TSUB31', 3);
INSERT INTO SUBJECT VALUES ('TSUB32', 'TMAJOR12', 'TSubName TSUB32', 1);
INSERT INTO SUBJECT VALUES ('TSUB33', 'TMAJOR13', 'TSubName TSUB33', 2);
INSERT INTO SUBJECT VALUES ('TSUB34', 'TMAJOR14', 'TSubName TSUB34', 4);
INSERT INTO SUBJECT VALUES ('TSUB35', 'TMAJOR15', 'TSubName TSUB35', 3);
INSERT INTO SUBJECT VALUES ('TSUB36', 'TMAJOR16', 'TSubName TSUB36', 4);
INSERT INTO SUBJECT VALUES ('TSUB37', 'TMAJOR17', 'TSubName TSUB37', 1);
INSERT INTO SUBJECT VALUES ('TSUB38', 'TMAJOR18', 'TSubName TSUB38', 2);
INSERT INTO SUBJECT VALUES ('TSUB39', 'TMAJOR19', 'TSubName TSUB39', 2);
INSERT INTO SUBJECT VALUES ('TSUB40', 'TMAJOR20', 'TSubName TSUB40', 3);
INSERT INTO SUBJECT VALUES ('TSUB41', 'TMAJOR19', 'TSubName TSUB41', 3);
INSERT INTO SUBJECT VALUES ('TSUB42', 'TMAJOR18', 'TSubName TSUB42', 1);
INSERT INTO SUBJECT VALUES ('TSUB43', 'TMAJOR17', 'TSubName TSUB43', 2);
INSERT INTO SUBJECT VALUES ('TSUB44', 'TMAJOR16', 'TSubName TSUB44', 4);
INSERT INTO SUBJECT VALUES ('TSUB45', 'TMAJOR15', 'TSubName TSUB45', 3);
INSERT INTO SUBJECT VALUES ('TSUB46', 'TMAJOR14', 'TSubName TSUB46', 4);
INSERT INTO SUBJECT VALUES ('TSUB47', 'TMAJOR13', 'TSubName TSUB47', 1);
INSERT INTO SUBJECT VALUES ('TSUB48', 'TMAJOR12', 'TSubName TSUB48', 2);
INSERT INTO SUBJECT VALUES ('TSUB49', 'TMAJOR11', 'TSubName TSUB49', 2);
/* ============ */
INSERT INTO SCORE_RECORD VALUES ('TSUB1', 'TSTU1', 1, 1, 3.2);
INSERT INTO SCORE_RECORD VALUES ('TSUB2', 'TSTU1', 1, 2, 2.2);
INSERT INTO SCORE_RECORD VALUES ('TSUB3', 'TSTU1', 1, 3, 1.2);
INSERT INTO SCORE_RECORD VALUES ('TSUB4', 'TSTU1', 1, 4, 4.0);
INSERT INTO SCORE_RECORD VALUES ('TSUB5', 'TSTU1', 2, 1, 3.2);
INSERT INTO SCORE_RECORD VALUES ('TSUB6', 'TSTU1', 2, 2, 2.2);
INSERT INTO SCORE_RECORD VALUES ('TSUB7', 'TSTU1', 2, 3, 1.2);
INSERT INTO SCORE_RECORD VALUES ('TSUB8', 'TSTU1', 2, 4, 4.0);
INSERT INTO SCORE_RECORD VALUES ('TSUB9', 'TSTU1', 3, 1, 3.2);
INSERT INTO SCORE_RECORD VALUES ('TSUB10', 'TSTU1', 3, 2, 2.2);
INSERT INTO SCORE_RECORD VALUES ('TSUB11', 'TSTU1', 3, 3, 1.2);
INSERT INTO SCORE_RECORD VALUES ('TSUB12', 'TSTU1', 3, 4, 4.0);
INSERT INTO SCORE_RECORD VALUES ('TSUB13', 'TSTU1', 4, 1, 3.2);
INSERT INTO SCORE_RECORD VALUES ('TSUB14', 'TSTU1', 4, 2, 2.2);
INSERT INTO SCORE_RECORD VALUES ('TSUB15', 'TSTU1', 4, 3, 1.2);
INSERT INTO SCORE_RECORD VALUES ('TSUB16', 'TSTU1', 4, 4, 4.0);
INSERT INTO SCORE_RECORD VALUES ('TSUB17', 'TSTU2', 1, 2, 2.2);
INSERT INTO SCORE_RECORD VALUES ('TSUB18', 'TSTU2', 1, 3, 1.2);
INSERT INTO SCORE_RECORD VALUES ('TSUB19', 'TSTU2', 1, 4, 4.0);
INSERT INTO SCORE_RECORD VALUES ('TSUB20', 'TSTU2', 2, 1, 3.2);
INSERT INTO SCORE_RECORD VALUES ('TSUB21', 'TSTU2', 2, 2, 2.2);
INSERT INTO SCORE_RECORD VALUES ('TSUB22', 'TSTU2', 2, 3, 1.2);
INSERT INTO SCORE_RECORD VALUES ('TSUB23', 'TSTU2', 2, 4, 4.0);
INSERT INTO SCORE_RECORD VALUES ('TSUB24', 'TSTU2', 3, 1, 3.2);
INSERT INTO SCORE_RECORD VALUES ('TSUB25', 'TSTU2', 3, 2, 2.2);
INSERT INTO SCORE_RECORD VALUES ('TSUB26', 'TSTU2', 3, 3, 1.2);
INSERT INTO SCORE_RECORD VALUES ('TSUB27', 'TSTU2', 3, 4, 4.0);
INSERT INTO SCORE_RECORD VALUES ('TSUB28', 'TSTU2', 4, 1, 3.2);
INSERT INTO SCORE_RECORD VALUES ('TSUB29', 'TSTU2', 4, 2, 2.2);
INSERT INTO SCORE_RECORD VALUES ('TSUB30', 'TSTU2', 4, 3, 1.2);
INSERT INTO SCORE_RECORD VALUES ('TSUB31', 'TSTU1', 1, 1, 3.2);
INSERT INTO SCORE_RECORD VALUES ('TSUB32', 'TSTU3', 1, 2, 2.2);
INSERT INTO SCORE_RECORD VALUES ('TSUB33', 'TSTU4', 1, 3, 1.2);
INSERT INTO SCORE_RECORD VALUES ('TSUB34', 'TSTU5', 1, 4, 4.0);
INSERT INTO SCORE_RECORD VALUES ('TSUB35', 'TSTU6', 2, 1, 3.2);
INSERT INTO SCORE_RECORD VALUES ('TSUB36', 'TSTU7', 2, 2, 2.2);
INSERT INTO SCORE_RECORD VALUES ('TSUB37', 'TSTU8', 2, 3, 1.2);
INSERT INTO SCORE_RECORD VALUES ('TSUB38', 'TSTU9', 2, 4, 4.0);
INSERT INTO SCORE_RECORD VALUES ('TSUB39', 'TSTU10', 3, 1, 3.2);
INSERT INTO SCORE_RECORD VALUES ('TSUB40', 'TSTU11', 3, 2, 2.2);
INSERT INTO SCORE_RECORD VALUES ('TSUB41', 'TSTU12', 3, 3, 1.2);
INSERT INTO SCORE_RECORD VALUES ('TSUB42', 'TSTU13', 3, 4, 4.0);
INSERT INTO SCORE_RECORD VALUES ('TSUB43', 'TSTU14', 4, 1, 3.2);
INSERT INTO SCORE_RECORD VALUES ('TSUB44', 'TSTU15', 4, 2, 2.2);
/* ============ */